,,,,,,,,,,,,,,,
,,,,,,,,,,,,,,,
,,,,,,,,,,,,,,,
,,,,,,,,,,,,,,,
,,,,,,,,,,,,,,,
,,,,,,,,,,,,,,,
,𖠁,,,𖠄,,,,,,,,,,,
,,,,,,,𖠗,,,,𖠛,,,,
,,𖠢,,,,,,,,,,,,,
𖠰,,,,,,𖠶,𖠷,𖠸,,,𖠻,,,,
,,,,,,,,,,,,,,,
,,,,,,,,𖡘,𖡙,,,,,,
,𖡡,𖡢,𖡣,,,,,,𖡩,,,,,,
,,,,,,𖡶,𖡷,,,,,,,,
,,,,𖢄,,,,,,,,,,,𖢏
,,,,,,,,,,,,,,𖢞,
,,,,,,,,𖢨,,,,,,,𖢯
,,,𖢳,,,,,,,𖢺,,,,,
,,,,,,,𖣇,,,,,,,,
,,,,,,,,𖣘,,,,𖣜,,,
𖣠,,,,,𖣥,,,,,,,,,,𖣯
,,,,,,,,,,𖣺,,,,,
,,𖤂,,,𖤅,,,𖤈,𖤉,𖤊,,,,,
,,,,,,,,𖤘,,,,,,,
,,,𖤣,,,,,,,𖤪,,,,,
,,,𖤳,,,,𖤷,,𖤹,𖤺,𖤻,,𖤽,,
,,𖥂,,,,,,,𖥉,,,,𖥍,𖧖,𖥏
,𖥑,,,,,,,,,𖥚,,,,,
,,,,𖥤,,,,𖥨,,,𖥫,,,𖥮,
,,,,,,,,𖥸,,,,,,𖥾,
,,,,,,,𖦇,,,𖦊,,,,,
,,,,,,,,,𖦙,,𖦛,,,,
,,,,𖦤,𖦥,,,,,,,,,,
𖦰,,𖦲,,,,𖦶,𖦷,𖦸,𖦹,,,𖦼,,,𖦿
,,,,,,,,,,𖧊,,,,,
,,,,,,,,,,𖧚,𖧛,,,,𖧟
,,,,,,𖧦,,,,,,,,,𖧯
𖧰,,,𖧳,,,𖧶,,,,,,,,,
,,𖨂,,,,,,,,,,,,𖨎,
,,,,,𖨕,,,,,,,,,,
𖨠,𖨡,,𖨣,,,,𖨧,,,,,,,,
𖨰,,,,𖨴,,,,,,,,,,,
